{
	"format_version": "1.8.0",
	"animations": {
		"animation.ram_portalgun.player.portal_in_up": {
			"loop": "hold_on_last_frame",
			"animation_length": 0.4,
			"override_previous_animation": true,
			"bones": {
				"root": {
					"position": {
						"0.0": {
							"post": [0, 0, 0],
							"lerp_mode": "catmullrom"
						},
						"0.0333": [0.02626, 1.22425, 0],
						"0.0667": [0.0469, 4.30938, 0],
						"0.1": [0.06097, 8.60286, 0],
						"0.1333": [0.06746, 13.62803, 0],
						"0.2": [0.05534, 24.37197, 0],
						"0.2333": [0.03865, 29.39714, 0],
						"0.2667": [0.01998, 38.69062, 0],
						"0.3": [0.00545, 48.77575, 0],
						"0.3333": [0, 54, 0],
						"0.3667": [0, 60, 0]
					},
					"scale": {
						"0.2333": [1, 1, 1],
						"0.3667": [0, 0, 0]
					}
				},
				"waist": {
					"rotation": {
						"0.0333": [0, 0, 0],
						"0.2667": [-34, 18, -6]
					}
				},
				"head": {
					"rotation": {
						"0.0": ["query.target_x_rotation", "query.target_y_rotation", 0],
						"0.0333": [-1.44976, 0, 0],
						"0.0667": [-5.10321, 0, 0],
						"0.1": [-10.1876, 0, 0],
						"0.1333": [-16.13846, 0, 0],
						"0.2": [-28.86154, 0, 0],
						"0.2333": [-34.8124, 0, 0],
						"0.2667": [-39.89679, 0, 0],
						"0.3": [-43.55024, 0, 0],
						"0.3333": [-45, 0, 0]
					}
				},
				"leftArm": {
					"rotation": {
						"0.0": [0, 0, 0],
						"0.0333": [-7.7672, 0, 0],
						"0.0667": [-38.85215, 0, 0],
						"0.1": [-91.71485, 0, 0],
						"0.1333": [-133.19041, 0, 0],
						"0.1667": [-156.00396, 0, 0],
						"0.2": [-166.8031, 0, 0],
						"0.2333": [-170, 0, 0]
					},
					"position": {
						"0.0": {
							"post": [0, 0, 0],
							"lerp_mode": "catmullrom"
						},
						"0.2333": [1, 4, 0]
					}
				},
				"rightArm": {
					"rotation": {
						"0.0": [0, 0, 0],
						"0.0333": [-6.7495, 0, 0],
						"0.0667": [-28.36336, 0, 0],
						"0.1": [-64.04187, 0, 0],
						"0.1333": [-105.95813, 0, 0],
						"0.1667": [-141.63664, 0, 0],
						"0.2": [-163.2505, 0, 0],
						"0.2333": [-170, 0, 0]
					},
					"position": {
						"0.0": {
							"post": [0, 0, 0],
							"lerp_mode": "catmullrom"
						},
						"0.2333": {
							"post": [-1, 4, 0],
							"lerp_mode": "catmullrom"
						}
					}
				},
				"leftLeg": {
					"rotation": {
						"0.0": {
							"post": [0, 0, 0],
							"lerp_mode": "catmullrom"
						},
						"0.1333": {
							"post": [15, 0, 0],
							"lerp_mode": "catmullrom"
						}
					},
					"position": {
						"0.0": {
							"post": [0, 0, 0],
							"lerp_mode": "catmullrom"
						},
						"0.1333": {
							"post": [1, 0, -3],
							"lerp_mode": "catmullrom"
						}
					}
				},
				"rightLeg": {
					"rotation": {
						"0.0": {
							"post": [0, 0, 0],
							"lerp_mode": "catmullrom"
						},
						"0.1333": {
							"post": [27.5, 0, 0],
							"lerp_mode": "catmullrom"
						}
					},
					"position": {
						"0.0": {
							"post": [0, 0, 0],
							"lerp_mode": "catmullrom"
						},
						"0.1333": {
							"post": [-1, 2, -5],
							"lerp_mode": "catmullrom"
						}
					}
				}
			}
		},
		"animation.ram_portalgun.player.portal_in_down": {
			"loop": "hold_on_last_frame",
			"animation_length": 0.4,
			"bones": {
				"root": {
					"position": {
						"0.0": [0, 0, 0],
						"0.0333": [0, -1.15684, 0],
						"0.0667": [0, -4.07225, 0],
						"0.1": [0, -8.12969, 0],
						"0.1333": [0, -12.87864, 0],
						"0.2": [0, -23.03179, 0],
						"0.2333": [0, -27.78024, 0],
						"0.2667": [0, -31.83676, 0],
						"0.3": [0, -34.75079, 0],
						"0.3333": [0, -35.90547, 0],
						"0.3667": [0, -99999, 0]
					}
				},
				"rightArm": {
					"rotation": {
						"0.0": [0, 0, 10],
						"0.0333": [0, 0, 16.06779],
						"0.0667": [0, 0, 38.51173],
						"0.1333": [0, 0, 121.48827],
						"0.1667": [0, 0, 143.93221],
						"0.2": [0, 0, 150]
					},
					"position": {
						"0.0": [0, 0, 0],
						"0.0333": [-0.04334, 0.13002, 0],
						"0.0667": [-0.20366, 0.61097, 0],
						"0.1333": [-0.79634, 2.38903, 0],
						"0.1667": [-0.95666, 2.86998, 0],
						"0.2": [-1, 3, 0]
					}
				},
				"leftArm": {
					"rotation": {
						"0.0": {
							"post": [0, 0, -7.5],
							"lerp_mode": "catmullrom"
						},
						"0.2": {
							"post": [0, 0, -152.5],
							"lerp_mode": "catmullrom"
						}
					},
					"position": {
						"0.0": {
							"post": [0, 0, 0],
							"lerp_mode": "catmullrom"
						},
						"0.2": {
							"post": [1, 3, 0],
							"lerp_mode": "catmullrom"
						}
					}
				}
			}
		},
		"animation.ram_portalgun.player.portal_in_front": {
			"loop": "hold_on_last_frame",
			"animation_length": 0.4,
			"override_previous_animation": true,
			"bones": {
				"root": {
					"position": {
						"0.0": [0, 0, 0],
						"0.1667": [0, 0, -6],
						"0.3": [0, 0, -16]
					}
				},
				"head": {
					"rotation": {
						"0.0": ["query.target_x_rotation", "query.target_y_rotation", 0],
						"0.2333": ["21.1919 + query.target_x_rotation", "3.5871 + query.target_y_rotation", 1.75844]
					}
				},
				"rightArm": {
					"rotation": {
						"0.0": [0, 0, 0],
						"0.2": [44, -6, 28]
					}
				},
				"leftArm": {
					"rotation": {
						"0.0": [0, 0, 0],
						"0.2": [32, 20, -30]
					}
				}
			}
		},
		"animation.ram_portalgun.player.portal_in_down_dive": {
			"animation_length": 0.4583,
			"override_previous_animation": true,
			"bones": {
				"root": {
					"position": {
						"0.0417": {
							"pre": [0, 0, 0],
							"post": [0, 0, 0],
							"lerp_mode": "catmullrom"
						},
						"0.2083": {
							"post": [0, 4.59, 2],
							"lerp_mode": "catmullrom"
						},
						"0.4583": {
							"post": [0, -33.1, 7],
							"lerp_mode": "catmullrom"
						}
					}
				},
				"head": {
					"rotation": {
						"0.0417": [0, 0, 0],
						"0.3333": [115, 0, 0]
					}
				},
				"rightArm": {
					"rotation": {
						"0.0417": {
							"pre": [0, 0, 0],
							"post": [0, 0, 0],
							"lerp_mode": "catmullrom"
						},
						"0.1667": {
							"post": [-57.5, 0, 0],
							"lerp_mode": "catmullrom"
						},
						"0.3333": {
							"post": [19.85927, 18.77523, 138.27537],
							"lerp_mode": "catmullrom"
						},
						"0.4583": {
							"post": [-2.71395, 17.50577, 154.00855],
							"lerp_mode": "catmullrom"
						}
					}
				},
				"leftArm": {
					"rotation": {
						"0.0417": [0, 0, 0],
						"0.1667": [-55, 0, 0],
						"0.3333": [16.32495, -15.69986, -137.26579],
						"0.4583": [0.17393, -10.17781, -154.31518]
					}
				},
				"body": {
					"rotation": {
						"0.0417": [0, 0, 0],
						"0.1667": [65, 0, 0],
						"0.3333": [157.5, 0, 0],
						"0.4583": [172.5, 0, 0]
					},
					"position": {
						"0.0417": [0, 0, 0],
						"0.1667": [0, -5, -2.5],
						"0.3333": [0, -25, -2.5]
					}
				},
				"leftLeg": {
					"rotation": {
						"0.0417": [0, 0, 0],
						"0.3333": [117.5, 0, 0],
						"0.4583": [165, 0, 0]
					},
					"position": {
						"0.0417": [0, 0, 0],
						"0.1667": [0, 2, 8],
						"0.2083": [0, -2.2, 6],
						"0.3333": [0, -1, 3],
						"0.4583": [0, -1, -1]
					}
				},
				"rightLeg": {
					"rotation": {
						"0.0417": [0, 0, 0],
						"0.3333": [137.5, 0, 0],
						"0.4583": [170.08385, -1.29876, -7.38733]
					},
					"position": {
						"0.0417": [0, 0, 0],
						"0.1667": [0, 2, 8],
						"0.2083": [0, 0.8, 9],
						"0.3333": [0, -1, 3],
						"0.4583": [0, -1, -1]
					}
				}
			}
		},
		"animation.ram_portalgun.player.portal_in_back": {
			"loop": "hold_on_last_frame",
			"animation_length": 1.0833,
			"bones": {
				"root": {
					"relative_to": {
						"rotation": "entity"
					},
					"rotation": ["-math.sin(query.anim_time * 360) * 25", 0, 0],
					"position": {
						"0.0": {
							"post": [0, 0, 0],
							"lerp_mode": "catmullrom"
						},
						"0.4": {
							"post": [0, 0, 23],
							"lerp_mode": "catmullrom"
						}
					}
				},
				"rightArm": {
					"rotation": {
						"0.0": [0, 0, 0],